go,https://news.ycombinator.com,,1,632ms
go,https://bbc.co.uk,,1,143ms
go,https://cnn.com,,1,148ms
go,https://www.foxnews.com/,,1,155ms
go,https://hckrnews.com/,,1,494ms
go,https://www.theverge.com/,,1,80ms
go,https://www.reuters.com/,,1,151ms
go,https://www.wired.co.uk/topic/technology,,1,71ms
go,https://en.wikipedia.org/wiki/India,,1,150ms
go,https://news.ycombinator.com,a,228,630ms
go,https://bbc.co.uk,a,111,159ms
go,https://cnn.com,a,229,213ms
go,https://www.foxnews.com/,a,839,129ms
go,https://hckrnews.com/,a,399,496ms
go,https://www.theverge.com/,a,338,77ms
go,https://www.reuters.com/,a,204,114ms
go,https://www.wired.co.uk/topic/technology,a,50,82ms
go,https://en.wikipedia.org/wiki/India,a,5292,182ms
go,https://news.ycombinator.com,div,29,628ms
go,https://bbc.co.uk,div,289,149ms
go,https://cnn.com,div,78,140ms
go,https://www.foxnews.com/,div,860,121ms
go,https://hckrnews.com/,div,10,488ms
go,https://www.theverge.com/,div,334,79ms
go,https://www.reuters.com/,div,278,129ms
go,https://www.wired.co.uk/topic/technology,div,124,71ms
go,https://en.wikipedia.org/wiki/India,div,574,158ms
go,https://news.ycombinator.com,span,181,634ms
go,https://bbc.co.uk,span,300,189ms
go,https://cnn.com,span,7,171ms
go,https://www.foxnews.com/,span,388,155ms
go,https://hckrnews.com/,span,567,489ms
go,https://www.theverge.com/,span,412,82ms
go,https://www.reuters.com/,span,74,132ms
go,https://www.wired.co.uk/topic/technology,span,65,72ms
go,https://en.wikipedia.org/wiki/India,span,2132,159ms
go,https://news.ycombinator.com,p,0,642ms
go,https://bbc.co.uk,p,2,145ms
go,https://cnn.com,p,0,150ms
go,https://www.foxnews.com/,p,35,158ms
go,https://hckrnews.com/,p,188,480ms
go,https://www.theverge.com/,p,13,87ms
go,https://www.reuters.com/,p,10,5190ms
go,https://www.wired.co.uk/topic/technology,p,15,75ms
go,https://en.wikipedia.org/wiki/India,p,95,152ms
go,https://news.ycombinator.com,,1,639ms
go,https://bbc.co.uk,,1,154ms
go,https://cnn.com,,1,159ms
go,https://www.foxnews.com/,,1,115ms
go,https://hckrnews.com/,,1,489ms
go,https://www.theverge.com/,,1,76ms
go,https://www.reuters.com/,,1,132ms
go,https://www.wired.co.uk/topic/technology,,1,77ms
go,https://en.wikipedia.org/wiki/India,,1,158ms
go,https://news.ycombinator.com,a,228,635ms
go,https://bbc.co.uk,a,111,144ms
go,https://cnn.com,a,229,147ms
go,https://www.foxnews.com/,a,839,124ms
go,https://hckrnews.com/,a,399,496ms
go,https://www.theverge.com/,a,338,81ms
go,https://www.reuters.com/,a,204,128ms
go,https://www.wired.co.uk/topic/technology,a,50,79ms
go,https://en.wikipedia.org/wiki/India,a,5292,155ms
go,https://news.ycombinator.com,div,29,629ms
go,https://bbc.co.uk,div,289,161ms
go,https://cnn.com,div,78,138ms
go,https://www.foxnews.com/,div,860,145ms
go,https://hckrnews.com/,div,10,488ms
go,https://www.theverge.com/,div,334,79ms
go,https://www.reuters.com/,div,278,138ms
go,https://www.wired.co.uk/topic/technology,div,124,71ms
go,https://en.wikipedia.org/wiki/India,div,574,149ms
go,https://news.ycombinator.com,span,181,639ms
go,https://bbc.co.uk,span,300,143ms
go,https://cnn.com,span,7,134ms
go,https://www.foxnews.com/,span,388,138ms
go,https://hckrnews.com/,span,567,491ms
go,https://www.theverge.com/,span,412,79ms
go,https://www.reuters.com/,span,74,134ms
go,https://www.wired.co.uk/topic/technology,span,65,75ms
go,https://en.wikipedia.org/wiki/India,span,2132,184ms
go,https://news.ycombinator.com,p,0,634ms
go,https://bbc.co.uk,p,2,155ms
go,https://cnn.com,p,0,153ms
go,https://www.foxnews.com/,p,35,304ms
go,https://hckrnews.com/,p,188,551ms
go,https://www.theverge.com/,p,13,78ms
go,https://www.reuters.com/,p,10,124ms
go,https://www.wired.co.uk/topic/technology,p,15,69ms
go,https://en.wikipedia.org/wiki/India,p,95,154ms
go,https://news.ycombinator.com,,1,632ms
go,https://bbc.co.uk,,1,164ms
go,https://cnn.com,,1,140ms
go,https://www.foxnews.com/,,1,141ms
go,https://hckrnews.com/,,1,486ms
go,https://www.theverge.com/,,1,80ms
go,https://www.reuters.com/,,1,136ms
go,https://www.wired.co.uk/topic/technology,,1,68ms
go,https://en.wikipedia.org/wiki/India,,1,150ms
go,https://news.ycombinator.com,a,228,635ms
go,https://bbc.co.uk,a,111,155ms
go,https://cnn.com,a,229,137ms
go,https://www.foxnews.com/,a,839,118ms
go,https://hckrnews.com/,a,399,493ms
go,https://www.theverge.com/,a,338,72ms
go,https://www.reuters.com/,a,204,128ms
go,https://www.wired.co.uk/topic/technology,a,50,75ms
go,https://en.wikipedia.org/wiki/India,a,5292,157ms
go,https://news.ycombinator.com,div,29,638ms
go,https://bbc.co.uk,div,289,148ms
go,https://cnn.com,div,78,153ms
go,https://www.foxnews.com/,div,860,129ms
go,https://hckrnews.com/,div,10,493ms
go,https://www.theverge.com/,div,334,82ms
go,https://www.reuters.com/,div,278,125ms
go,https://www.wired.co.uk/topic/technology,div,124,73ms
go,https://en.wikipedia.org/wiki/India,div,574,161ms
go,https://news.ycombinator.com,span,181,637ms
go,https://bbc.co.uk,span,300,156ms
go,https://cnn.com,span,7,146ms
go,https://www.foxnews.com/,span,388,131ms
go,https://hckrnews.com/,span,567,487ms
go,https://www.theverge.com/,span,412,80ms
go,https://www.reuters.com/,span,74,142ms
go,https://www.wired.co.uk/topic/technology,span,65,67ms
go,https://en.wikipedia.org/wiki/India,span,2132,135ms
go,https://news.ycombinator.com,p,0,639ms
go,https://bbc.co.uk,p,2,151ms
go,https://cnn.com,p,0,143ms
go,https://www.foxnews.com/,p,35,114ms
go,https://hckrnews.com/,p,188,483ms
go,https://www.theverge.com/,p,13,83ms
go,https://www.reuters.com/,p,10,123ms
go,https://www.wired.co.uk/topic/technology,p,15,70ms
go,https://en.wikipedia.org/wiki/India,p,95,153ms
go,https://news.ycombinator.com,,1,627ms
go,https://bbc.co.uk,,1,141ms
go,https://cnn.com,,1,138ms
go,https://www.foxnews.com/,,1,148ms
go,https://hckrnews.com/,,1,480ms
go,https://www.theverge.com/,,1,89ms
go,https://www.reuters.com/,,1,128ms
go,https://www.wired.co.uk/topic/technology,,1,70ms
go,https://en.wikipedia.org/wiki/India,,1,150ms
go,https://news.ycombinator.com,a,228,625ms
go,https://bbc.co.uk,a,111,143ms
go,https://cnn.com,a,229,139ms
go,https://www.foxnews.com/,a,839,115ms
go,https://hckrnews.com/,a,399,487ms
go,https://www.theverge.com/,a,338,81ms
go,https://www.reuters.com/,a,204,131ms
go,https://www.wired.co.uk/topic/technology,a,50,71ms
go,https://en.wikipedia.org/wiki/India,a,5292,157ms
go,https://news.ycombinator.com,div,29,633ms
go,https://bbc.co.uk,div,289,143ms
go,https://cnn.com,div,78,148ms
go,https://www.foxnews.com/,div,860,142ms
go,https://hckrnews.com/,div,10,479ms
go,https://www.theverge.com/,div,334,82ms
go,https://www.reuters.com/,div,278,126ms
go,https://www.wired.co.uk/topic/technology,div,124,70ms
go,https://en.wikipedia.org/wiki/India,div,574,154ms
go,https://news.ycombinator.com,span,181,635ms
go,https://bbc.co.uk,span,300,159ms
go,https://cnn.com,span,7,135ms
go,https://www.foxnews.com/,span,388,145ms
go,https://hckrnews.com/,span,567,483ms
go,https://www.theverge.com/,span,412,84ms
go,https://www.reuters.com/,span,74,136ms
go,https://www.wired.co.uk/topic/technology,span,65,78ms
go,https://en.wikipedia.org/wiki/India,span,2132,158ms
go,https://news.ycombinator.com,p,0,625ms
go,https://bbc.co.uk,p,2,145ms
go,https://cnn.com,p,0,162ms
go,https://www.foxnews.com/,p,35,120ms
go,https://hckrnews.com/,p,188,485ms
go,https://www.theverge.com/,p,13,78ms
go,https://www.reuters.com/,p,10,131ms
go,https://www.wired.co.uk/topic/technology,p,15,66ms
go,https://en.wikipedia.org/wiki/India,p,95,149ms
go,https://news.ycombinator.com,,1,633ms
go,https://bbc.co.uk,,1,145ms
go,https://cnn.com,,1,144ms
go,https://www.foxnews.com/,,1,122ms
go,https://hckrnews.com/,,1,498ms
go,https://www.theverge.com/,,1,81ms
go,https://www.reuters.com/,,1,140ms
go,https://www.wired.co.uk/topic/technology,,1,79ms
go,https://en.wikipedia.org/wiki/India,,1,152ms
go,https://news.ycombinator.com,a,228,629ms
go,https://bbc.co.uk,a,111,164ms
go,https://cnn.com,a,229,139ms
go,https://www.foxnews.com/,a,839,287ms
go,https://hckrnews.com/,a,399,490ms
go,https://www.theverge.com/,a,338,83ms
go,https://www.reuters.com/,a,204,122ms
go,https://www.wired.co.uk/topic/technology,a,50,66ms
go,https://en.wikipedia.org/wiki/India,a,5292,153ms
go,https://news.ycombinator.com,div,29,639ms
go,https://bbc.co.uk,div,289,153ms
go,https://cnn.com,div,78,152ms
go,https://www.foxnews.com/,div,860,152ms
go,https://hckrnews.com/,div,10,493ms
go,https://www.theverge.com/,div,334,83ms
go,https://www.reuters.com/,div,278,124ms
go,https://www.wired.co.uk/topic/technology,div,124,69ms
go,https://en.wikipedia.org/wiki/India,div,574,155ms
go,https://news.ycombinator.com,span,181,635ms
go,https://bbc.co.uk,span,300,142ms
go,https://cnn.com,span,7,144ms
go,https://www.foxnews.com/,span,388,209ms
go,https://hckrnews.com/,span,567,494ms
go,https://www.theverge.com/,span,412,84ms
go,https://www.reuters.com/,span,74,128ms
go,https://www.wired.co.uk/topic/technology,span,65,69ms
go,https://en.wikipedia.org/wiki/India,span,2132,156ms
go,https://news.ycombinator.com,p,0,638ms
go,https://bbc.co.uk,p,2,137ms
go,https://cnn.com,p,0,144ms
go,https://www.foxnews.com/,p,35,119ms
go,https://hckrnews.com/,p,188,491ms
go,https://www.theverge.com/,p,13,82ms
go,https://www.reuters.com/,p,10,128ms
go,https://www.wired.co.uk/topic/technology,p,15,73ms
go,https://en.wikipedia.org/wiki/India,p,95,156ms
go,https://news.ycombinator.com,,1,637ms
go,https://bbc.co.uk,,1,157ms
go,https://cnn.com,,1,144ms
go,https://www.foxnews.com/,,1,125ms
go,https://hckrnews.com/,,1,485ms
go,https://www.theverge.com/,,1,85ms
go,https://www.reuters.com/,,1,130ms
go,https://www.wired.co.uk/topic/technology,,1,76ms
go,https://en.wikipedia.org/wiki/India,,1,146ms
go,https://news.ycombinator.com,a,228,635ms
go,https://bbc.co.uk,a,111,139ms
go,https://cnn.com,a,229,149ms
go,https://www.foxnews.com/,a,839,130ms
go,https://hckrnews.com/,a,399,482ms
go,https://www.theverge.com/,a,338,80ms
go,https://www.reuters.com/,a,204,136ms
go,https://www.wired.co.uk/topic/technology,a,50,73ms
go,https://en.wikipedia.org/wiki/India,a,5292,157ms
go,https://news.ycombinator.com,div,29,632ms
go,https://bbc.co.uk,div,289,142ms
go,https://cnn.com,div,78,141ms
go,https://www.foxnews.com/,div,860,114ms
go,https://hckrnews.com/,div,10,504ms
go,https://www.theverge.com/,div,334,77ms
go,https://www.reuters.com/,div,278,136ms
go,https://www.wired.co.uk/topic/technology,div,124,73ms
go,https://en.wikipedia.org/wiki/India,div,574,152ms
go,https://news.ycombinator.com,span,181,632ms
go,https://bbc.co.uk,span,300,152ms
go,https://cnn.com,span,7,147ms
go,https://www.foxnews.com/,span,388,141ms
go,https://hckrnews.com/,span,567,471ms
go,https://www.theverge.com/,span,412,85ms
go,https://www.reuters.com/,span,74,133ms
go,https://www.wired.co.uk/topic/technology,span,65,68ms
go,https://en.wikipedia.org/wiki/India,span,2132,157ms
go,https://news.ycombinator.com,p,0,630ms
go,https://bbc.co.uk,p,2,183ms
go,https://cnn.com,p,0,192ms
go,https://www.foxnews.com/,p,35,148ms
go,https://hckrnews.com/,p,188,506ms
go,https://www.theverge.com/,p,13,97ms
go,https://www.reuters.com/,p,10,143ms
go,https://www.wired.co.uk/topic/technology,p,15,96ms
go,https://en.wikipedia.org/wiki/India,p,95,168ms
go,https://news.ycombinator.com,,1,645ms
go,https://bbc.co.uk,,1,142ms
go,https://cnn.com,,1,148ms
go,https://www.foxnews.com/,,1,122ms
go,https://hckrnews.com/,,1,490ms
go,https://www.theverge.com/,,1,88ms
go,https://www.reuters.com/,,1,130ms
go,https://www.wired.co.uk/topic/technology,,1,70ms
go,https://en.wikipedia.org/wiki/India,,1,148ms
go,https://news.ycombinator.com,a,228,628ms
go,https://bbc.co.uk,a,111,144ms
go,https://cnn.com,a,229,149ms
go,https://www.foxnews.com/,a,839,128ms
go,https://hckrnews.com/,a,399,489ms
go,https://www.theverge.com/,a,338,80ms
go,https://www.reuters.com/,a,204,136ms
go,https://www.wired.co.uk/topic/technology,a,50,69ms
go,https://en.wikipedia.org/wiki/India,a,5292,154ms
go,https://news.ycombinator.com,div,29,625ms
go,https://bbc.co.uk,div,289,142ms
go,https://cnn.com,div,78,152ms
go,https://www.foxnews.com/,div,860,232ms
go,https://hckrnews.com/,div,10,478ms
go,https://www.theverge.com/,div,334,75ms
go,https://www.reuters.com/,div,278,126ms
go,https://www.wired.co.uk/topic/technology,div,124,77ms
go,https://en.wikipedia.org/wiki/India,div,574,161ms
go,https://news.ycombinator.com,span,181,632ms
go,https://bbc.co.uk,span,300,143ms
go,https://cnn.com,span,7,139ms
go,https://www.foxnews.com/,span,388,140ms
go,https://hckrnews.com/,span,567,547ms
go,https://www.theverge.com/,span,412,85ms
go,https://www.reuters.com/,span,74,130ms
go,https://www.wired.co.uk/topic/technology,span,65,80ms
go,https://en.wikipedia.org/wiki/India,span,2132,156ms
go,https://news.ycombinator.com,p,0,625ms
go,https://bbc.co.uk,p,2,149ms
go,https://cnn.com,p,0,159ms
go,https://www.foxnews.com/,p,35,121ms
go,https://hckrnews.com/,p,188,499ms
go,https://www.theverge.com/,p,13,88ms
go,https://www.reuters.com/,p,10,165ms
go,https://www.wired.co.uk/topic/technology,p,15,78ms
go,https://en.wikipedia.org/wiki/India,p,95,155ms
go,https://news.ycombinator.com,,1,635ms
go,https://bbc.co.uk,,1,153ms
go,https://cnn.com,,1,151ms
go,https://www.foxnews.com/,,1,134ms
go,https://hckrnews.com/,,1,483ms
go,https://www.theverge.com/,,1,85ms
go,https://www.reuters.com/,,1,141ms
go,https://www.wired.co.uk/topic/technology,,1,84ms
go,https://en.wikipedia.org/wiki/India,,1,153ms
go,https://news.ycombinator.com,a,228,629ms
go,https://bbc.co.uk,a,111,151ms
go,https://cnn.com,a,229,140ms
go,https://www.foxnews.com/,a,839,120ms
go,https://hckrnews.com/,a,399,537ms
go,https://www.theverge.com/,a,338,83ms
go,https://www.reuters.com/,a,204,138ms
go,https://www.wired.co.uk/topic/technology,a,50,67ms
go,https://en.wikipedia.org/wiki/India,a,5292,152ms
go,https://news.ycombinator.com,div,29,634ms
go,https://bbc.co.uk,div,289,139ms
go,https://cnn.com,div,78,142ms
go,https://www.foxnews.com/,div,860,255ms
go,https://hckrnews.com/,div,10,518ms
go,https://www.theverge.com/,div,334,81ms
go,https://www.reuters.com/,div,278,127ms
go,https://www.wired.co.uk/topic/technology,div,124,72ms
go,https://en.wikipedia.org/wiki/India,div,574,160ms
go,https://news.ycombinator.com,span,181,633ms
go,https://bbc.co.uk,span,300,144ms
go,https://cnn.com,span,7,155ms
go,https://www.foxnews.com/,span,388,140ms
go,https://hckrnews.com/,span,567,487ms
go,https://www.theverge.com/,span,412,80ms
go,https://www.reuters.com/,span,74,161ms
go,https://www.wired.co.uk/topic/technology,span,65,73ms
go,https://en.wikipedia.org/wiki/India,span,2132,150ms
go,https://news.ycombinator.com,p,0,635ms
go,https://bbc.co.uk,p,2,149ms
go,https://cnn.com,p,0,141ms
go,https://www.foxnews.com/,p,35,125ms
go,https://hckrnews.com/,p,188,487ms
go,https://www.theverge.com/,p,13,84ms
go,https://www.reuters.com/,p,10,125ms
go,https://www.wired.co.uk/topic/technology,p,15,69ms
go,https://en.wikipedia.org/wiki/India,p,95,157ms
go,https://news.ycombinator.com,,1,626ms
go,https://bbc.co.uk,,1,164ms
go,https://cnn.com,,1,138ms
go,https://www.foxnews.com/,,1,127ms
go,https://hckrnews.com/,,1,485ms
go,https://www.theverge.com/,,1,94ms
go,https://www.reuters.com/,,1,133ms
go,https://www.wired.co.uk/topic/technology,,1,70ms
go,https://en.wikipedia.org/wiki/India,,1,156ms
go,https://news.ycombinator.com,a,228,627ms
go,https://bbc.co.uk,a,111,141ms
go,https://cnn.com,a,229,148ms
go,https://www.foxnews.com/,a,839,118ms
go,https://hckrnews.com/,a,399,519ms
go,https://www.theverge.com/,a,338,87ms
go,https://www.reuters.com/,a,204,136ms
go,https://www.wired.co.uk/topic/technology,a,50,68ms
go,https://en.wikipedia.org/wiki/India,a,5292,155ms
go,https://news.ycombinator.com,div,29,629ms
go,https://bbc.co.uk,div,289,185ms
go,https://cnn.com,div,78,141ms
go,https://www.foxnews.com/,div,860,117ms
go,https://hckrnews.com/,div,10,483ms
go,https://www.theverge.com/,div,334,82ms
go,https://www.reuters.com/,div,278,141ms
go,https://www.wired.co.uk/topic/technology,div,124,71ms
go,https://en.wikipedia.org/wiki/India,div,574,169ms
go,https://news.ycombinator.com,span,181,608ms
go,https://bbc.co.uk,span,300,142ms
go,https://cnn.com,span,7,156ms
go,https://www.foxnews.com/,span,388,118ms
go,https://hckrnews.com/,span,567,520ms
go,https://www.theverge.com/,span,412,85ms
go,https://www.reuters.com/,span,74,127ms
go,https://www.wired.co.uk/topic/technology,span,65,66ms
go,https://en.wikipedia.org/wiki/India,span,2132,153ms
go,https://news.ycombinator.com,p,0,630ms
go,https://bbc.co.uk,p,2,175ms
go,https://cnn.com,p,0,449ms
go,https://www.foxnews.com/,p,35,125ms
go,https://hckrnews.com/,p,188,499ms
go,https://www.theverge.com/,p,13,85ms
go,https://www.reuters.com/,p,10,128ms
go,https://www.wired.co.uk/topic/technology,p,15,73ms
go,https://en.wikipedia.org/wiki/India,p,95,154ms
go,https://news.ycombinator.com,,1,625ms
go,https://bbc.co.uk,,1,149ms
go,https://cnn.com,,1,137ms
go,https://www.foxnews.com/,,1,157ms
go,https://hckrnews.com/,,1,503ms
go,https://www.theverge.com/,,1,83ms
go,https://www.reuters.com/,,1,130ms
go,https://www.wired.co.uk/topic/technology,,1,76ms
go,https://en.wikipedia.org/wiki/India,,1,155ms
go,https://news.ycombinator.com,a,228,625ms
go,https://bbc.co.uk,a,111,145ms
go,https://cnn.com,a,229,171ms
go,https://www.foxnews.com/,a,839,150ms
go,https://hckrnews.com/,a,399,497ms
go,https://www.theverge.com/,a,338,82ms
go,https://www.reuters.com/,a,204,121ms
go,https://www.wired.co.uk/topic/technology,a,50,64ms
go,https://en.wikipedia.org/wiki/India,a,5292,157ms
go,https://news.ycombinator.com,div,29,641ms
go,https://bbc.co.uk,div,289,151ms
go,https://cnn.com,div,78,149ms
go,https://www.foxnews.com/,div,860,189ms
go,https://hckrnews.com/,div,10,524ms
go,https://www.theverge.com/,div,334,81ms
go,https://www.reuters.com/,div,278,123ms
go,https://www.wired.co.uk/topic/technology,div,124,75ms
go,https://en.wikipedia.org/wiki/India,div,574,152ms
go,https://news.ycombinator.com,span,181,626ms
go,https://bbc.co.uk,span,300,150ms
go,https://cnn.com,span,7,149ms
go,https://www.foxnews.com/,span,388,120ms
go,https://hckrnews.com/,span,567,490ms
go,https://www.theverge.com/,span,412,86ms
go,https://www.reuters.com/,span,74,139ms
go,https://www.wired.co.uk/topic/technology,span,65,73ms
go,https://en.wikipedia.org/wiki/India,span,2132,155ms
go,https://news.ycombinator.com,p,0,628ms
go,https://bbc.co.uk,p,2,149ms
go,https://cnn.com,p,0,139ms
go,https://www.foxnews.com/,p,35,147ms
go,https://hckrnews.com/,p,188,491ms
go,https://www.theverge.com/,p,13,76ms
go,https://www.reuters.com/,p,10,123ms
go,https://www.wired.co.uk/topic/technology,p,15,85ms
go,https://en.wikipedia.org/wiki/India,p,95,149ms
java,https://news.ycombinator.com,,2,1162ms
java,https://bbc.co.uk,,8,757ms
java,https://cnn.com,,2,786ms
java,https://www.foxnews.com/,,2,773ms
java,https://hckrnews.com/,,4,1043ms
java,https://www.theverge.com/,,4,685ms
java,https://www.reuters.com/,,9,711ms
java,https://www.wired.co.uk/topic/technology,,12,677ms
java,https://en.wikipedia.org/wiki/India,,4,801ms
java,https://news.ycombinator.com,a,228,1181ms
java,https://bbc.co.uk,a,117,718ms
java,https://cnn.com,a,229,804ms
java,https://www.foxnews.com/,a,839,705ms
java,https://hckrnews.com/,a,399,1053ms
java,https://www.theverge.com/,a,338,670ms
java,https://www.reuters.com/,a,204,740ms
java,https://www.wired.co.uk/topic/technology,a,54,677ms
java,https://en.wikipedia.org/wiki/India,a,5292,836ms
java,https://news.ycombinator.com,div,29,1163ms
java,https://bbc.co.uk,div,360,719ms
java,https://cnn.com,div,78,810ms
java,https://www.foxnews.com/,div,860,752ms
java,https://hckrnews.com/,div,10,1086ms
java,https://www.theverge.com/,div,334,671ms
java,https://www.reuters.com/,div,278,743ms
java,https://www.wired.co.uk/topic/technology,div,124,669ms
java,https://en.wikipedia.org/wiki/India,div,574,841ms
java,https://news.ycombinator.com,span,181,1177ms
java,https://bbc.co.uk,span,318,706ms
java,https://cnn.com,span,7,818ms
java,https://www.foxnews.com/,span,388,717ms
java,https://hckrnews.com/,span,567,1079ms
java,https://www.theverge.com/,span,412,702ms
java,https://www.reuters.com/,span,74,735ms
java,https://www.wired.co.uk/topic/technology,span,65,656ms
java,https://en.wikipedia.org/wiki/India,span,2132,846ms
java,https://news.ycombinator.com,p,0,1175ms
java,https://bbc.co.uk,p,9,717ms
java,https://cnn.com,p,0,788ms
java,https://www.foxnews.com/,p,35,709ms
java,https://hckrnews.com/,p,188,1059ms
java,https://www.theverge.com/,p,13,688ms
java,https://www.reuters.com/,p,10,846ms
java,https://www.wired.co.uk/topic/technology,p,15,674ms
java,https://en.wikipedia.org/wiki/India,p,95,832ms
java,https://news.ycombinator.com,,2,1191ms
java,https://bbc.co.uk,,8,721ms
java,https://cnn.com,,2,779ms
java,https://www.foxnews.com/,,2,721ms
java,https://hckrnews.com/,,4,1048ms
java,https://www.theverge.com/,,4,819ms
java,https://www.reuters.com/,,8,733ms
java,https://www.wired.co.uk/topic/technology,,12,668ms
java,https://en.wikipedia.org/wiki/India,,4,821ms
java,https://news.ycombinator.com,a,228,1163ms
java,https://bbc.co.uk,a,117,729ms
java,https://cnn.com,a,229,842ms
java,https://www.foxnews.com/,a,839,718ms
java,https://hckrnews.com/,a,399,1108ms
java,https://www.theverge.com/,a,338,789ms
java,https://www.reuters.com/,a,204,1276ms
java,https://www.wired.co.uk/topic/technology,a,54,808ms
java,https://en.wikipedia.org/wiki/India,a,5292,1065ms
java,https://news.ycombinator.com,div,29,1177ms
java,https://bbc.co.uk,div,360,722ms
java,https://cnn.com,div,78,886ms
java,https://www.foxnews.com/,div,860,734ms
java,https://hckrnews.com/,div,10,1064ms
java,https://www.theverge.com/,div,334,697ms
java,https://www.reuters.com/,div,278,789ms
java,https://www.wired.co.uk/topic/technology,div,124,677ms
java,https://en.wikipedia.org/wiki/India,div,574,868ms
java,https://news.ycombinator.com,span,181,1196ms
java,https://bbc.co.uk,span,318,694ms
java,https://cnn.com,span,7,818ms
java,https://www.foxnews.com/,span,388,732ms
java,https://hckrnews.com/,span,567,1049ms
java,https://www.theverge.com/,span,412,680ms
java,https://www.reuters.com/,span,74,737ms
java,https://www.wired.co.uk/topic/technology,span,65,696ms
java,https://en.wikipedia.org/wiki/India,span,2132,835ms
java,https://news.ycombinator.com,p,0,1279ms
java,https://bbc.co.uk,p,9,705ms
java,https://cnn.com,p,0,898ms
java,https://www.foxnews.com/,p,35,1176ms
java,https://hckrnews.com/,p,188,1105ms
java,https://www.theverge.com/,p,13,716ms
java,https://www.reuters.com/,p,10,745ms
java,https://www.wired.co.uk/topic/technology,p,15,679ms
java,https://en.wikipedia.org/wiki/India,p,95,933ms
java,https://news.ycombinator.com,,2,1350ms
java,https://bbc.co.uk,,8,744ms
java,https://cnn.com,,2,821ms
java,https://www.foxnews.com/,,2,891ms
java,https://hckrnews.com/,,4,1088ms
java,https://www.theverge.com/,,4,691ms
java,https://www.reuters.com/,,8,739ms
java,https://www.wired.co.uk/topic/technology,,12,675ms
java,https://en.wikipedia.org/wiki/India,,4,817ms
java,https://news.ycombinator.com,a,228,1168ms
java,https://bbc.co.uk,a,117,712ms
java,https://cnn.com,a,229,852ms
java,https://www.foxnews.com/,a,845,764ms
java,https://hckrnews.com/,a,399,1054ms
java,https://www.theverge.com/,a,338,707ms
java,https://www.reuters.com/,a,204,868ms
java,https://www.wired.co.uk/topic/technology,a,54,698ms
java,https://en.wikipedia.org/wiki/India,a,5292,843ms
java,https://news.ycombinator.com,div,29,1184ms
java,https://bbc.co.uk,div,360,799ms
java,https://cnn.com,div,78,807ms
java,https://www.foxnews.com/,div,864,710ms
java,https://hckrnews.com/,div,10,1057ms
java,https://www.theverge.com/,div,334,676ms
java,https://www.reuters.com/,div,278,770ms
java,https://www.wired.co.uk/topic/technology,div,124,682ms
java,https://en.wikipedia.org/wiki/India,div,574,853ms
java,https://news.ycombinator.com,span,181,1231ms
java,https://bbc.co.uk,span,318,687ms
java,https://cnn.com,span,7,825ms
java,https://www.foxnews.com/,span,390,757ms
java,https://hckrnews.com/,span,567,1064ms
java,https://www.theverge.com/,span,412,675ms
java,https://www.reuters.com/,span,74,737ms
java,https://www.wired.co.uk/topic/technology,span,65,678ms
java,https://en.wikipedia.org/wiki/India,span,2132,839ms
java,https://news.ycombinator.com,p,0,1187ms
java,https://bbc.co.uk,p,9,750ms
java,https://cnn.com,p,0,769ms
java,https://www.foxnews.com/,p,36,736ms
java,https://hckrnews.com/,p,188,1050ms
java,https://www.theverge.com/,p,13,690ms
java,https://www.reuters.com/,p,10,857ms
java,https://www.wired.co.uk/topic/technology,p,15,717ms
java,https://en.wikipedia.org/wiki/India,p,95,875ms
java,https://news.ycombinator.com,,2,1426ms
java,https://bbc.co.uk,,8,715ms
java,https://cnn.com,,2,775ms
java,https://www.foxnews.com/,,2,732ms
java,https://hckrnews.com/,,4,1066ms
java,https://www.theverge.com/,,4,670ms
java,https://www.reuters.com/,,8,742ms
java,https://www.wired.co.uk/topic/technology,,12,690ms
java,https://en.wikipedia.org/wiki/India,,4,847ms
java,https://news.ycombinator.com,a,228,1172ms
java,https://bbc.co.uk,a,117,700ms
java,https://cnn.com,a,229,818ms
java,https://www.foxnews.com/,a,845,938ms
java,https://hckrnews.com/,a,399,1084ms
java,https://www.theverge.com/,a,338,728ms
java,https://www.reuters.com/,a,204,766ms
java,https://www.wired.co.uk/topic/technology,a,54,676ms
java,https://en.wikipedia.org/wiki/India,a,5292,819ms
java,https://news.ycombinator.com,div,29,1190ms
java,https://bbc.co.uk,div,360,715ms
java,https://cnn.com,div,78,800ms
java,https://www.foxnews.com/,div,864,718ms
java,https://hckrnews.com/,div,10,1064ms
java,https://www.theverge.com/,div,334,659ms
java,https://www.reuters.com/,div,278,755ms
java,https://www.wired.co.uk/topic/technology,div,124,672ms
java,https://en.wikipedia.org/wiki/India,div,574,841ms
java,https://news.ycombinator.com,span,181,1446ms
java,https://bbc.co.uk,span,318,749ms
java,https://cnn.com,span,7,795ms
java,https://www.foxnews.com/,span,390,726ms
java,https://hckrnews.com/,span,567,1083ms
java,https://www.theverge.com/,span,412,682ms
java,https://www.reuters.com/,span,74,785ms
java,https://www.wired.co.uk/topic/technology,span,65,678ms
java,https://en.wikipedia.org/wiki/India,span,2132,918ms
java,https://news.ycombinator.com,p,0,1301ms
java,https://bbc.co.uk,p,9,723ms
java,https://cnn.com,p,0,817ms
java,https://www.foxnews.com/,p,36,764ms
java,https://hckrnews.com/,p,188,1042ms
java,https://www.theverge.com/,p,13,691ms
java,https://www.reuters.com/,p,10,750ms
java,https://www.wired.co.uk/topic/technology,p,15,682ms
java,https://en.wikipedia.org/wiki/India,p,95,832ms
java,https://news.ycombinator.com,,2,1179ms
java,https://bbc.co.uk,,8,719ms
java,https://cnn.com,,2,790ms
java,https://www.foxnews.com/,,2,725ms
java,https://hckrnews.com/,,4,1071ms
java,https://www.theverge.com/,,4,705ms
java,https://www.reuters.com/,,9,852ms
java,https://www.wired.co.uk/topic/technology,,12,697ms
java,https://en.wikipedia.org/wiki/India,,4,942ms
java,https://news.ycombinator.com,a,228,1172ms
java,https://bbc.co.uk,a,117,716ms
java,https://cnn.com,a,229,814ms
java,https://www.foxnews.com/,a,845,869ms
java,https://hckrnews.com/,a,399,1113ms
java,https://www.theverge.com/,a,338,672ms
java,https://www.reuters.com/,a,204,813ms
java,https://www.wired.co.uk/topic/technology,a,54,661ms
java,https://en.wikipedia.org/wiki/India,a,5292,847ms
java,https://news.ycombinator.com,div,29,1488ms
java,https://bbc.co.uk,div,360,710ms
java,https://cnn.com,div,78,787ms
java,https://www.foxnews.com/,div,864,861ms
java,https://hckrnews.com/,div,10,1064ms
java,https://www.theverge.com/,div,334,674ms
java,https://www.reuters.com/,div,278,714ms
java,https://www.wired.co.uk/topic/technology,div,124,666ms
java,https://en.wikipedia.org/wiki/India,div,574,838ms
java,https://news.ycombinator.com,span,181,1189ms
java,https://bbc.co.uk,span,318,717ms
java,https://cnn.com,span,7,825ms
java,https://www.foxnews.com/,span,390,766ms
java,https://hckrnews.com/,span,567,1213ms
java,https://www.theverge.com/,span,412,817ms
java,https://www.reuters.com/,span,74,835ms
java,https://www.wired.co.uk/topic/technology,span,65,712ms
java,https://en.wikipedia.org/wiki/India,span,2132,993ms
java,https://news.ycombinator.com,p,0,1273ms
java,https://bbc.co.uk,p,9,764ms
java,https://cnn.com,p,0,836ms
java,https://www.foxnews.com/,p,36,716ms
java,https://hckrnews.com/,p,188,1082ms
java,https://www.theverge.com/,p,13,678ms
java,https://www.reuters.com/,p,10,1114ms
java,https://www.wired.co.uk/topic/technology,p,15,703ms
java,https://en.wikipedia.org/wiki/India,p,95,1196ms
java,https://news.ycombinator.com,,2,1209ms
java,https://bbc.co.uk,,8,862ms
java,https://cnn.com,,2,1127ms
java,https://www.foxnews.com/,,2,1426ms
java,https://hckrnews.com/,,4,1833ms
java,https://www.theverge.com/,,4,725ms
java,https://www.reuters.com/,,9,778ms
java,https://www.wired.co.uk/topic/technology,,12,679ms
java,https://en.wikipedia.org/wiki/India,,4,859ms
java,https://news.ycombinator.com,a,228,1318ms
java,https://bbc.co.uk,a,117,737ms
java,https://cnn.com,a,229,846ms
java,https://www.foxnews.com/,a,845,793ms
java,https://hckrnews.com/,a,399,1399ms
java,https://www.theverge.com/,a,338,678ms
java,https://www.reuters.com/,a,204,825ms
java,https://www.wired.co.uk/topic/technology,a,54,683ms
java,https://en.wikipedia.org/wiki/India,a,5292,837ms
java,https://news.ycombinator.com,div,29,1190ms
java,https://bbc.co.uk,div,360,722ms
java,https://cnn.com,div,78,810ms
java,https://www.foxnews.com/,div,864,729ms
java,https://hckrnews.com/,div,10,1042ms
java,https://www.theverge.com/,div,334,675ms
java,https://www.reuters.com/,div,278,852ms
java,https://www.wired.co.uk/topic/technology,div,124,670ms
java,https://en.wikipedia.org/wiki/India,div,574,842ms
java,https://news.ycombinator.com,span,181,1177ms
java,https://bbc.co.uk,span,318,726ms
java,https://cnn.com,span,7,797ms
java,https://www.foxnews.com/,span,390,691ms
java,https://hckrnews.com/,span,567,1046ms
java,https://www.theverge.com/,span,412,658ms
java,https://www.reuters.com/,span,74,805ms
java,https://www.wired.co.uk/topic/technology,span,65,659ms
java,https://en.wikipedia.org/wiki/India,span,2132,812ms
java,https://news.ycombinator.com,p,0,1177ms
java,https://bbc.co.uk,p,9,698ms
java,https://cnn.com,p,0,782ms
java,https://www.foxnews.com/,p,36,786ms
java,https://hckrnews.com/,p,188,1035ms
java,https://www.theverge.com/,p,13,683ms
java,https://www.reuters.com/,p,10,723ms
java,https://www.wired.co.uk/topic/technology,p,15,668ms
java,https://en.wikipedia.org/wiki/India,p,95,841ms
java,https://news.ycombinator.com,,2,1170ms
java,https://bbc.co.uk,,8,683ms
java,https://cnn.com,,2,797ms
java,https://www.foxnews.com/,,2,740ms
java,https://hckrnews.com/,,4,1119ms
java,https://www.theverge.com/,,4,718ms
java,https://www.reuters.com/,,9,800ms
java,https://www.wired.co.uk/topic/technology,,12,752ms
java,https://en.wikipedia.org/wiki/India,,4,957ms
java,https://news.ycombinator.com,a,228,1251ms
java,https://bbc.co.uk,a,117,878ms
java,https://cnn.com,a,229,950ms
java,https://www.foxnews.com/,a,845,938ms
java,https://hckrnews.com/,a,399,1399ms
java,https://www.theverge.com/,a,338,852ms
java,https://www.reuters.com/,a,204,1056ms
java,https://www.wired.co.uk/topic/technology,a,54,892ms
java,https://en.wikipedia.org/wiki/India,a,5292,1039ms
java,https://news.ycombinator.com,div,29,1930ms
java,https://bbc.co.uk,div,360,1214ms
java,https://cnn.com,div,78,1177ms
java,https://www.foxnews.com/,div,864,995ms
java,https://hckrnews.com/,div,10,1278ms
java,https://www.theverge.com/,div,334,1136ms
java,https://www.reuters.com/,div,278,1372ms
java,https://www.wired.co.uk/topic/technology,div,124,1406ms
java,https://en.wikipedia.org/wiki/India,div,574,1568ms
java,https://news.ycombinator.com,span,181,1445ms
java,https://bbc.co.uk,span,318,903ms
java,https://cnn.com,span,7,957ms
java,https://www.foxnews.com/,span,390,909ms
java,https://hckrnews.com/,span,567,1211ms
java,https://www.theverge.com/,span,412,821ms
java,https://www.reuters.com/,span,74,914ms
java,https://www.wired.co.uk/topic/technology,span,65,784ms
java,https://en.wikipedia.org/wiki/India,span,2132,1035ms
java,https://news.ycombinator.com,p,0,1302ms
java,https://bbc.co.uk,p,9,814ms
java,https://cnn.com,p,0,952ms
java,https://www.foxnews.com/,p,36,859ms
java,https://hckrnews.com/,p,188,1189ms
java,https://www.theverge.com/,p,13,866ms
java,https://www.reuters.com/,p,10,1126ms
java,https://www.wired.co.uk/topic/technology,p,15,2062ms
java,https://en.wikipedia.org/wiki/India,p,95,1126ms
java,https://news.ycombinator.com,,2,1410ms
java,https://bbc.co.uk,,8,948ms
java,https://cnn.com,,2,1040ms
java,https://www.foxnews.com/,,2,829ms
java,https://hckrnews.com/,,4,1173ms
java,https://www.theverge.com/,,4,823ms
java,https://www.reuters.com/,,9,901ms
java,https://www.wired.co.uk/topic/technology,,12,926ms
java,https://en.wikipedia.org/wiki/India,,4,960ms
java,https://news.ycombinator.com,a,228,1402ms
java,https://bbc.co.uk,a,117,862ms
java,https://cnn.com,a,229,928ms
java,https://www.foxnews.com/,a,845,816ms
java,https://hckrnews.com/,a,399,1206ms
java,https://www.theverge.com/,a,338,788ms
java,https://www.reuters.com/,a,204,821ms
java,https://www.wired.co.uk/topic/technology,a,54,788ms
java,https://en.wikipedia.org/wiki/India,a,5292,1016ms
java,https://news.ycombinator.com,div,29,1306ms
java,https://bbc.co.uk,div,360,868ms
java,https://cnn.com,div,78,890ms
java,https://www.foxnews.com/,div,864,846ms
java,https://hckrnews.com/,div,10,1211ms
java,https://www.theverge.com/,div,334,869ms
java,https://www.reuters.com/,div,278,889ms
java,https://www.wired.co.uk/topic/technology,div,124,798ms
java,https://en.wikipedia.org/wiki/India,div,574,942ms
java,https://news.ycombinator.com,span,181,1298ms
java,https://bbc.co.uk,span,318,840ms
java,https://cnn.com,span,7,980ms
java,https://www.foxnews.com/,span,390,930ms
java,https://hckrnews.com/,span,567,1157ms
java,https://www.theverge.com/,span,412,850ms
java,https://www.reuters.com/,span,74,934ms
java,https://www.wired.co.uk/topic/technology,span,65,837ms
java,https://en.wikipedia.org/wiki/India,span,2132,1047ms
java,https://news.ycombinator.com,p,0,1347ms
java,https://bbc.co.uk,p,9,842ms
java,https://cnn.com,p,0,939ms
java,https://www.foxnews.com/,p,36,858ms
java,https://hckrnews.com/,p,188,1192ms
java,https://www.theverge.com/,p,13,871ms
java,https://www.reuters.com/,p,10,872ms
java,https://www.wired.co.uk/topic/technology,p,15,805ms
java,https://en.wikipedia.org/wiki/India,p,95,981ms
java,https://news.ycombinator.com,,2,1294ms
java,https://bbc.co.uk,,8,834ms
java,https://cnn.com,,2,954ms
java,https://www.foxnews.com/,,2,846ms
java,https://hckrnews.com/,,4,1164ms
java,https://www.theverge.com/,,4,824ms
java,https://www.reuters.com/,,9,846ms
java,https://www.wired.co.uk/topic/technology,,12,1102ms
java,https://en.wikipedia.org/wiki/India,,4,1246ms
java,https://news.ycombinator.com,a,228,1719ms
java,https://bbc.co.uk,a,117,979ms
java,https://cnn.com,a,229,1030ms
java,https://www.foxnews.com/,a,845,947ms
java,https://hckrnews.com/,a,399,1372ms
java,https://www.theverge.com/,a,338,988ms
java,https://www.reuters.com/,a,204,1025ms
java,https://www.wired.co.uk/topic/technology,a,54,889ms
java,https://en.wikipedia.org/wiki/India,a,5292,1023ms
java,https://news.ycombinator.com,div,29,1363ms
java,https://bbc.co.uk,div,360,830ms
java,https://cnn.com,div,78,943ms
java,https://www.foxnews.com/,div,864,847ms
java,https://hckrnews.com/,div,10,1168ms
java,https://www.theverge.com/,div,334,792ms
java,https://www.reuters.com/,div,278,911ms
java,https://www.wired.co.uk/topic/technology,div,124,767ms
java,https://en.wikipedia.org/wiki/India,div,574,1030ms
java,https://news.ycombinator.com,span,181,1387ms
java,https://bbc.co.uk,span,318,907ms
java,https://cnn.com,span,7,1039ms
java,https://www.foxnews.com/,span,390,931ms
java,https://hckrnews.com/,span,567,1254ms
java,https://www.theverge.com/,span,412,894ms
java,https://www.reuters.com/,span,74,958ms
java,https://www.wired.co.uk/topic/technology,span,65,894ms
java,https://en.wikipedia.org/wiki/India,span,2132,1091ms
java,https://news.ycombinator.com,p,0,1347ms
java,https://bbc.co.uk,p,9,899ms
java,https://cnn.com,p,0,937ms
java,https://www.foxnews.com/,p,36,934ms
java,https://hckrnews.com/,p,188,1230ms
java,https://www.theverge.com/,p,13,869ms
java,https://www.reuters.com/,p,10,872ms
java,https://www.wired.co.uk/topic/technology,p,15,812ms
java,https://en.wikipedia.org/wiki/India,p,95,1031ms
java,https://news.ycombinator.com,,2,1328ms
java,https://bbc.co.uk,,8,810ms
java,https://cnn.com,,2,891ms
java,https://www.foxnews.com/,,2,802ms
java,https://hckrnews.com/,,4,1159ms
java,https://www.theverge.com/,,4,782ms
java,https://www.reuters.com/,,9,859ms
java,https://www.wired.co.uk/topic/technology,,12,830ms
java,https://en.wikipedia.org/wiki/India,,4,1006ms
java,https://news.ycombinator.com,a,228,1313ms
java,https://bbc.co.uk,a,117,769ms
java,https://cnn.com,a,229,904ms
java,https://www.foxnews.com/,a,845,1049ms
java,https://hckrnews.com/,a,399,1401ms
java,https://www.theverge.com/,a,338,942ms
java,https://www.reuters.com/,a,204,1168ms
java,https://www.wired.co.uk/topic/technology,a,54,1022ms
java,https://en.wikipedia.org/wiki/India,a,5292,1284ms
java,https://news.ycombinator.com,div,29,1453ms
java,https://bbc.co.uk,div,360,880ms
java,https://cnn.com,div,78,1055ms
java,https://www.foxnews.com/,div,864,1056ms
java,https://hckrnews.com/,div,10,1207ms
java,https://www.theverge.com/,div,334,817ms
java,https://www.reuters.com/,div,278,875ms
java,https://www.wired.co.uk/topic/technology,div,124,768ms
java,https://en.wikipedia.org/wiki/India,div,574,1034ms
java,https://news.ycombinator.com,span,181,1302ms
java,https://bbc.co.uk,span,318,828ms
java,https://cnn.com,span,7,951ms
java,https://www.foxnews.com/,span,390,857ms
java,https://hckrnews.com/,span,567,1159ms
java,https://www.theverge.com/,span,412,771ms
java,https://www.reuters.com/,span,74,945ms
java,https://www.wired.co.uk/topic/technology,span,65,766ms
java,https://en.wikipedia.org/wiki/India,span,2132,925ms
java,https://news.ycombinator.com,p,0,1283ms
java,https://bbc.co.uk,p,9,813ms
java,https://cnn.com,p,0,906ms
java,https://www.foxnews.com/,p,36,807ms
java,https://hckrnews.com/,p,188,1166ms
java,https://www.theverge.com/,p,13,801ms
java,https://www.reuters.com/,p,10,843ms
java,https://www.wired.co.uk/topic/technology,p,15,775ms
java,https://en.wikipedia.org/wiki/India,p,95,956ms
